12:30, 70
12:31, 71
12:31, 71
12:31, 71
12:31, 71
12:32, 72
12:32, 72
12:32, 72
12:33, 73
12:33, 73
12:33, 73
12:33, 74
12:33, 74
12:34, 74
12:34, 74
12:34, 75
12:34, 75
12:35, 75
12:35, 75
12:35, 75
12:36, 75
12:36, 76
12:36, 76
12:37, 76
12:37, 76
12:37, 77
12:37, 77
12:38, 77
12:38, 77
12:38, 78
12:38, 78
12:39, 78
12:39, 78
12:39, 79
12:39, 79
12:40, 79
12:40, 79
12:40, 79
12:41, 79
12:41, 79
12:41, 80
12:42, 80
12:42, 80
12:42, 80
12:43, 80
12:43, 80
12:43, 81
12:43, 81
12:44, 81
12:44, 81
12:44, 81
12:45, 81
12:45, 81
12:45, 82
12:45, 82
12:46, 82
12:46, 82
12:46, 82
12:47, 82
12:47, 82
12:47, 83
12:47, 83
12:48, 83
12:48, 83
12:48, 83
12:49, 83
12:49, 83
12:49, 84
12:49, 84
12:50, 84
12:50, 84
12:50, 84
12:51, 84
12:51, 84
12:51, 85
12:51, 85
12:52, 85
12:52, 85
12:52, 85
12:53, 85
12:53, 85
12:53, 86
12:53, 86
12:54, 86
12:54, 86
12:55, 86
12:55, 86
12:55, 86
12:55, 86
12:55, 86
12:55, 86
12:55, 86
12:55, 86
12:55, 86
12:55, 86
12:55, 86
12:55, 86
12:55, 86
12:55, 86
12:55, 86
12:55, 86
12:55, 86
12:55, 86
12:55, 86
12:55, 86
12:55, 86
12:56, 87
12:56, 87
12:56, 87
12:56, 87
12:57, 87
12:57, 87
12:57, 87
12:58, 88
12:58, 88
12:58, 88
12:58, 88
12:59, 88
12:59, 88
12:59, 88
13:00, 89
13:00, 89
13:00, 89
13:00, 89
13:01, 89
13:01, 89
13:01, 89
13:02, 90
13:02, 90
13:02, 90
13:02, 90
13:03, 90
13:03, 90
13:03, 90
13:04, 91
13:04, 91
13:04, 91
13:04, 91
13:05, 91
13:05, 91
13:05, 91
13:05, 91
13:05, 91
13:05, 91
13:05, 91
13:05, 91
13:05, 91
13:05, 91
13:05, 91
13:05, 91
13:05, 91
13:05, 91
13:05, 91
13:05, 91
13:05, 91
13:05, 91
13:05, 91
13:05, 91
13:05, 91
13:05, 91
13:05, 91
13:05, 91
13:05, 91
13:05, 91
13:05, 91
13:05, 91
13:05, 91
13:05, 91
13:05, 91
13:05, 91
13:05, 91
13:05, 91
13:05, 91
13:05, 91
13:05, 91
13:05, 91
13:05, 91
13:05, 91
13:05, 91
13:05, 91
13:05, 91
13:05, 91
13:05, 91
13:05, 91
13:05, 91
13:05, 91
13:05, 91
13:05, 91
13:05, 91
13:06, 91
13:06, 92
13:06, 92
13:06, 92
13:06, 92
13:07, 92
13:07, 92
13:07, 92
13:08, 92
13:08, 93
13:08, 93
13:08, 93
13:09, 93
13:09, 93
13:09, 93
13:10, 93
13:10, 94
13:10, 94
13:10, 94
13:11, 94
13:11, 94
13:11, 94
13:12, 94
13:12, 95
13:12, 95
13:12, 95
13:13, 95
13:13, 95
13:14, 95
13:14, 95
13:14, 96
13:14, 96
13:14, 96
13:14, 96
13:15, 96
13:15, 96
13:15, 96
13:16, 96
13:16, 96
13:16, 97
13:16, 97
13:17, 97
13:17, 97
13:17, 97
13:18, 97
13:18, 97
13:18, 98
13:18, 98
13:19, 98
13:19, 98
13:19, 98
13:20, 98
13:20, 98
13:20, 99
13:20, 99
13:21, 99
13:21, 99
13:21, 99
13:22, 99
13:22, 99
13:22, 99
13:23, 99
13:23, 99
13:23, 99
13:24, 99
13:24, 99
13:24, 99
13:25, 99
13:25, 99
13:25, 99
13:26, 99
13:26, 99
13:27, 99
13:27, 99
13:27, 99
13:28, 99
13:28, 99
13:28, 99
13:29,100
13:29,100
13:29,100
13:29,100
13:29,100
13:30,100
13:30,100
13:30,100
13:31,100
13:31,100
13:31,100
13:32,100
13:32,100
13:32,100
13:33,100
13:33,100
13:33,100
13:33,100
13:34,100
13:34,100
13:34,100
13:34,100
13:35,100
13:35,100
13:35,100
13:36,100
13:36,100
13:36,100
13:37,100
13:37,100
13:37,100
13:38,100
13:38,100
13:39,100
13:39,100
13:39,100
13:40,100
13:40,100
13:40,100
13:41,100
13:41,100
13:41,100
13:42,100
13:42,100
13:42,100
13:43,100
13:43,100
13:43,100
13:43,100
13:44,100
13:44,100
13:44,100
13:45,100
12:35, 75
12:35, 75
12:35, 75
12:36, 75
12:36, 76
12:36, 76
12:37, 76
12:37, 76
12:37, 77
12:37, 77
12:38, 77
12:38, 77
12:38, 78
12:38, 78
12:39, 78
12:39, 78
12:39, 79
12:39, 79
12:40, 79
12:40, 79
12:40, 79
12:41, 79
12:41, 79
12:41, 80
12:42, 80
12:42, 80
12:42, 80
12:43, 80
12:43, 80
12:43, 81
12:43, 81
12:44, 81
12:44, 81
12:44, 81
12:45, 81
12:45, 81
12:45, 82
12:45, 82
12:46, 82
12:46, 82
12:46, 82
12:47, 82
12:47, 82
12:47, 83
12:47, 83
12:48, 83
12:48, 83
12:48, 83
12:49, 83
12:49, 83
12:49, 84
12:49, 84
12:50, 84
12:50, 84
12:50, 84
12:51, 84
12:51, 84
12:51, 85
12:51, 85
12:52, 85
12:52, 85
12:52, 85
12:53, 85
12:53, 85
12:53, 86
12:53, 86
12:54, 86
12:54, 86
12:55, 86
12:55, 86
12:55, 86
12:55, 86
12:55, 86
12:55, 86
12:55, 86
12:55, 86
12:55, 86
12:55, 86
12:55, 86
12:55, 86
12:55, 86
12:55, 86
12:55, 86
12:55, 86
12:55, 86
12:55, 86
12:55, 86
12:55, 86
12:55, 86
12:56, 87
12:56, 87
12:56, 87
12:56, 87
12:57, 87
12:57, 87
12:57, 87
12:58, 88
12:58, 88
12:58, 88
12:58, 88
12:59, 88
12:59, 88
12:59, 88
13:00, 89
13:00, 89
13:00, 89
13:00, 89
13:01, 89
13:01, 89
13:01, 89
13:02, 90
13:02, 90
13:02, 90
13:02, 90
13:03, 90
13:03, 90
13:03, 90
13:04, 91
13:04, 91
13:04, 91
13:04, 91
13:05, 91
13:05, 91
13:05, 91
13:05, 91
13:05, 91
13:05, 91
13:05, 91
13:05, 91
13:05, 91
13:05, 91
13:05, 91
13:05, 91
13:05, 91
13:05, 91
13:05, 91
13:05, 91
13:05, 91
13:05, 91
13:05, 91
13:05, 91
13:05, 91
13:05, 91
13:05, 91
13:05, 91
13:05, 91
13:05, 91
13:05, 91
13:05, 91
13:05, 91
13:05, 91
13:05, 91
13:05, 91
13:05, 91
13:05, 91
13:05, 91
13:05, 91
13:05, 91
13:05, 91
13:05, 91
13:05, 91
13:05, 91
13:05, 91
13:05, 91
13:05, 91
13:05, 91
13:05, 91
13:05, 91
13:05, 91
13:05, 91
13:05, 91
13:05, 91
13:06, 91
13:06, 92
13:06, 92
13:06, 92
13:06, 92
13:07, 92
13:07, 92
13:07, 92
13:08, 92
13:08, 93
13:08, 93
13:08, 93
13:09, 93
13:09, 93
13:09, 93
13:10, 93
13:10, 94
13:10, 94
13:10, 94
13:11, 94
13:11, 94
13:11, 94
13:12, 94
13:12, 95
13:12, 95
13:12, 95
13:13, 95
13:13, 95
13:14, 95
13:14, 95
13:14, 96
13:14, 96
13:14, 96
13:14, 96
13:15, 96
13:15, 96
13:15, 96
13:16, 96
13:16, 96
13:16, 97
13:16, 97
13:17, 97
13:17, 97
13:17, 97
13:18, 97
13:18, 97
13:18, 98
13:18, 98
13:19, 98
13:19, 98
13:19, 98
13:20, 98
13:20, 98
13:20, 99
13:20, 99
13:21, 99
13:21, 99
13:21, 99
13:22, 99
13:22, 99
13:22, 99
13:23, 99
13:23, 99
13:23, 99
13:24, 99
13:24, 99
13:24, 99
13:25, 99
13:25, 99
13:25, 99
13:26, 99
13:26, 99
13:27, 99
13:27, 99
13:27, 99
13:28, 99
13:28, 99
13:28, 99
13:29,100
13:29,100
13:29,100
13:29,100
13:29,100
13:30,100
13:30,100
13:30,100
13:31,100
13:31,100
13:31,100
13:32,100
13:32,100
13:32,100
13:33,100
13:33,100
13:33,100
13:33,100
13:34,100
13:34,100
13:34,100
13:34,100
13:35,100
13:35,100
13:35,100
13:36,100
13:36,100
13:36,100
13:37,100
13:37,100
13:37,100
13:38,100
13:38,100
13:39,100
13:39,100
13:39,100
13:40,100
13:40,100
13:40,100
13:41,100
13:41,100
13:41,100
13:42,100
13:42,100
13:42,100
13:43,100
13:43,100
13:43,100
13:43,100
13:44,100
